{
  "colors": ["red", "green", "yellow", "purple", "blue", "black", "white", "aqua", "azure", "violet", "cyan", "gray"],
  "marital_status": ["Single", "Married", "Divorced", "Common-Law"],
  "department_names": ["Accounting", "Advertising", "Asset Management", "Customer Relations", "Customer Service", "Finances", "Human Resources", "Legal Department", "Media Relations", "Payroll", "Public Relations", "Quality Assurance", "Sales and Marketing", "Research and Development", "Tech Support"],
  "company_names": ["Microsoft", "Macromedia", "Google", "Yahoo", "Lycos", "Altavista", "Chami", "Adobe", "Borland", "Lavasoft", "Cakewalk", "Sibelius", "Finale", "Apple Systems"],
  "drug_names": ["Hydrocodone/APAP", "Hydrocodone/APAP", "LevothyroxineSodium", "Lisinopril", "Lipitor", "Simvastatin", "Plavix", "Singulair", "Azithromycin", "Crestor", "Nexium", "LevothyroxineSodium", "Metoprolol Tartrate ", "Hydrocodone/APAP", "Synthroid", "Lexapro", "Proair HFA", "Ibuprofen (Rx)", "Trazodone HCl", "Amoxicillin", "Omeprazole (Rx)", "Advair Diskus", "Cymbalta", "Azithromycin", "Tramadol HCl", "Omeprazole (Rx)", "Amoxicillin", "Sulfamethoxazole/Trimethoprim", "Amlodipine Besylate", "Fluticasone Propionate", "Hydrochlorothiazide", "Hydrochlorothiazide", "Ventolin HFA", "Diovan", "Warfarin Sodium", "Sertraline HCl", "Alprazolam", "Pravastatin Sodium", "Simvastatin", "Metoprolol Succinate", "Lisinopril/Hydrochlorothiazide", "Seroquel", "Promethazine HCl", "Metoprolol Succinate", "Amoxicillin Trihydrate/Potassium Clavulanate", "Simvastatin", "Amlodipine Besylate", "Oxycodone/APAP", "Warfarin Sodium", "Zolpidem Tartrate", "Metformin HCl", "Prednisone", "Metformin HCl", "Fluconazole", "Clonazepam", "Omeprazole (Rx)", "Diovan HCT", "Simvastatin", "Actos", "Sertraline HCl", "Gabapentin", "Lantus", "Amlodipine Besylate", "Vitamin D (Rx)", "Fluoxetine HCl", "Furosemide", "Citalopram HBr", "Alprazolam", "Ciprofloxacin HCl", "Atenolol", "Meloxicam", "Lorazepam", "Prednisone", "Celebrex", "Venlafaxine HCl ER", "Lisinopril", "Lyrica", "Nasonex", "Spiriva Handihaler", "Furosemide", "Cyclobenzaprin HCl", "Cephalexin", "Abilify", "Citalopram HBR", "Cyclobenzaprin HCl", "Carvedilol", "Metformin HCl", "Potassium Chloride", "Viagra", "Amlodipine Besylate", "Furosemide", "Ibuprofen (Rx)", "Azithromycin", "Vyvanse", "Zetia", "Albuterol", "Zolpidem Tartrate", "Tramadol HCl", "Prednisone", "Simvastatin", "Clonazepam", "Namenda", "Januvia", "Tricor", "Diazepam", "Simvastatin", "Lisinopril", "Lisinopril", "Loestrin 24 Fe", "Metformin HCl", "Furosemide", "Prednisone", "Allopurinol", "Amoxicillin Trihydrate/Potassium Clavulanate", "Cialis", "Alendronate Sodium", "Losartan Potassium", "Triamterene/Hydrochlorothiazide", "Sertraline HCl", "Amitriptyline HCl", "Oxycodone HCl", "Alprazolam", "Alprazolam", "Fluticasone Propionate", "Fluticasone Propionate", "Simvastatin", "Triamterene/Hydrochlorothiazide", "Suboxone", "Oxycontin", "Niaspan", "Lorazepam", "Doxycycline Hyclate", "Amoxicillin", "Digoxin", "Potassium Chloride", "Vytorin", "Lantus Solostar", "APAP/Codeine", "Hydrocodone/APAP", "Triamcinolone Acetonide", "Atenolol", "Premarin", "Paroxetine HCl", "Metoprolol Succinatee", "Fluoxetine HCl", "Flovent HFA", "Promethazine HCl", "Carisoprodol", "Klor-Con M20", "Lorazepam", "Benicar", "Lovastatin", "Lisinopril", "Amphetamine Salts", "Ciprofloxacin HCl", "Carvedilol", "Risperidone", "Levoxyl", "Atenolol", "Naproxen", "Lovaza", "Lisinopril", "Alprazolam", "Atenolol", "Bystolic", "Penicillin VK", "Famotidine", "Methylprednisolone", "Gabapentin", "Nuvaring", "Alendronate Sodium", "Amoxicillin", "Cephalexin", "Glyburide", "Clindamycin HCl", "Folic Acid", "Enalapril Maleate", "Tamsulosin HCl", "Cheratussin AC", "Prednisone", "Benicar HCT", "Gabapentin", "Levaquin", "TriNessa", "Ranitidine HCl", "Levothyroxine Sodium", "Glipizide", "Doxycycline Hyclate", "Tri-Sprintec", "Amlodipine Besylate", "Symbicort", "Lidoderm", "Pantoprazole Sodium", "Pantoprazole Sodium", "Zyprexa", "Endocet", "Zolpidem Tartrate", "Gianvi", "Lisinopril", "Diazepam"],
  "country_names": ["United States", "Canada", "Cuba", "Chile", "Brazil", "Spain", "Venezuela", "Ecuador", "Bolivia", "Nicaragua", "Germany"]
}